{
  "welcomeFile": "/webapp/index.html",
  "routes": [
    {
      "path": "/resources",
      "target": {
        "type": "service",
        "name": "sapui5",
        "entryPath": "/resources"
      },
      "description": "SAPUI5 Resources"
    },
    {
      "path": "/test-resources",
      "target": {
        "type": "service",
        "name": "sapui5",
        "entryPath": "/test-resources"
      },
      "description": "SAPUI5 Test Resources"
    },
    {
      "path": "/Northwind",
      "target": {
        "type": "destination",
        "name": "Northwind"
      },
      "description": "Northwind Odata Service"
    },
    {
      "path": "/codejam/toyspace/services/api.xsodata/",
      "target": {
        "type": "destination",
        "name": "toysData"
      },
      "description": "Toys OData service"
    }
  ],
  "sendWelcomeFileRedirect": true
}