<core:FragmentDefinition xmlns="sap.m" xmlns:core="sap.ui.core" xmlns:l="sap.ui.layout" xmlns:f="sap.ui.layout.form"
	xmlns:u="sap.ui.unified">
	<Dialog title="Add New Record" contentWidth="600px">
		<!--	<content>
			<HBox>
			<Label text="Category"/>
			<Input id="idDocCategory" width="200px"/>
			<Label text="Name"/>
			<Input id="idDocName" width="200px"/>
			</HBox>
				</content>-->
		<f:SimpleForm id="idAttachmentForm" minWidth="1024" maxContainerCols="2" editable="true" layout="ResponsiveGridLayout" labelSpanS="4"
			labelSpanL="1" labelSpanM="2" emptySpanL="2" emptySpanM="2" columnsL="2" columnsM="2">
			<f:content>
				<VBox>
					<layoutData><l:GridData span="L4 M6 S12"/></layoutData>
					<Label required="true" text="Category"></Label>
					<Input enabled="true" id="idDocCategory" width="200px"></Input>
				</VBox>
				<VBox>
					<layoutData><l:GridData span="L4 M6 S12"/></layoutData>
					<Label required="true" text="Name"></Label>
					<Input enabled="true" id="idDocName" width="200px"></Input>
				</VBox>
				<VBox>
					<layoutData><l:GridData span="L4 M6 S12"/></layoutData>
					<Label required="true" text="File Location"></Label>
					<u:FileUploader id="idfileUploader" name="myFileUpload" uploadUrl="upload/" tooltip="Upload your file to the local server"
						uploadComplete="handleUploadComplete"/>
					<Button text="Upload File" press="handleUploadPress"/>
				</VBox>
			</f:content>
		</f:SimpleForm>
		<beginButton>
			<Button text="Save" type="Accept" press="onSaveAttcahment"/>
		</beginButton>
		<endButton>
			<Button text="Cancel" type="Reject" press="onCancelAttcahment"/>
		</endButton>
	</Dialog>
</core:FragmentDefinition>