<core:FragmentDefinition xmlns:l="sap.ui.layout" xmlns:core="sap.ui.core" xmlns:mvc="sap.ui.core.mvc" xmlns:f="sap.ui.layout.form"
	xmlns="sap.m">
	<Table id="idAttachmentTable" inset="false" class="myHeaderText">
		<headerToolbar >
			<Toolbar>
				<content>
					<Text text="Please Upload: 1. Student Assessment ({view>/myName}) 2. Student Declaration ({view>/myName})"/>
					<ToolbarSpacer/>
					<Link text="View Checklists"/>
					<core:Icon id="idCancelIcon_attachments" src="sap-icon://sys-cancel" useIconTooltip="true" tooltip="Delete file" visible="false"
						press="onDelAttachment"/>
					<core:Icon id="idAddIcon_attachments" src="sap-icon://add" press="onAddAttachment" useIconTooltip="true" tooltip="Add new file"/>
				</content>
			</Toolbar>
		</headerToolbar>
		<columns>
			<Column demandPopin="true" hAlign="Center">
				<Text text="Category"/>
			</Column>
			<Column demandPopin="true">
				<Text text="Name"/>
			</Column>
			<Column demandPopin="true">
				<Text text="URL"/>
			</Column>
		</columns>
		<items></items>
	</Table>
</core:FragmentDefinition>