<core:FragmentDefinition xmlns:l="sap.ui.layout" xmlns:core="sap.ui.core" xmlns:mvc="sap.ui.core.mvc" xmlns:f="sap.ui.layout.form"
	xmlns="sap.m">
	<f:SimpleForm id="BasicInfoForm" minWidth="1024" maxContainerCols="2" editable="true" layout="ResponsiveGridLayout"
		labelSpanS="4" labelSpanL="1" labelSpanM="2" emptySpanL="2" emptySpanM="2" columnsL="2" columnsM="2">
		<f:content>
			<VBox>
				<layoutData><l:GridData span="L4 M6 S12"/></layoutData>
				<Label required="true" text="First Name"></Label>
				<Input enabled="true" id="firstName" width="300px" class="myIconTabText"></Input>
			</VBox>
			<VBox>
				<layoutData><l:GridData span="L4 M6 S12"/></layoutData>
				<Label required="true" text="Last Name"></Label>
				<Input enabled="true" id="lastName" width="300px"></Input>
			</VBox>
			<VBox>
				<layoutData><l:GridData span="L4 M6 S12"/></layoutData>
				<Label required="true" text="Non English Name"></Label>
				<Input enabled="true" id="nonEnglishName" width="300px"></Input>
			</VBox>
			<VBox>
				<layoutData><l:GridData span="L4 M6 S12"/></layoutData>
				<Label required="true" text="DOB"></Label>
				<l:HorizontalLayout class="create-horizontal">
					<DatePicker class="sap-datepicker" enabled="true"
						value="dd-MM-YYYY" id="dob"
						displayFormat="dd-MM-yyyy" width="300px"/>
				</l:HorizontalLayout>
			</VBox>
			<VBox>
				<layoutData><l:GridData span="L4 M6 S12"/></layoutData>
				<Label required="true" text="Destination" change="loadItems"></Label>
				<MultiComboBox  width="300px" showButton="true" change="loadItems">
					<core:Item text="UK"/>
					<core:Item text="US"/>
					<core:Item text="Australia"/>
					<core:Item text="NewZealand"/>
					<core:Item text="Canada"/>
				</MultiComboBox>
			</VBox>
		</f:content>
	</f:SimpleForm>
</core:FragmentDefinition>