<core:FragmentDefinition xmlns:l="sap.ui.layout" xmlns:core="sap.ui.core" xmlns:mvc="sap.ui.core.mvc" xmlns:f="sap.ui.layout.form"
	xmlns="sap.m">
	<l:Grid defaultSpan="L12 M12 S12" width="auto">
		<l:content>
			<Table id="idEduRecordTable" inset="false" mode="MultiSelect">
				<headerToolbar>
					<Toolbar>
						<content>
							<ToolbarSpacer/>
							<core:Icon id="idEditIcon_Edu" src="sap-icon://edit" useIconTooltip="true" tooltip="Edit Record" visible="false" press="onEditEdu"/>
							<core:Icon id="idCancelIcon_Edu" src="sap-icon://sys-cancel" useIconTooltip="true" tooltip="Delete Record" visible="false" press="onDelEdu"/>
							<core:Icon id="idAddIcon_Edu" src="sap-icon://add" press="onAddEdu" useIconTooltip="true" tooltip="Add new record"/>
						</content>
					</Toolbar>
				</headerToolbar>
				<columns>
					<Column demandPopin="true" hAlign="Center">
						<Text text="Institution Name"/>
					</Column>
					<Column demandPopin="true">
						<Text text="Language of Study"/>
					</Column>
					<Column demandPopin="true">
						<Text text="Commencement of Study"/>
					</Column>
					<Column demandPopin="true">
						<Text text="Graduation Date"/>
					</Column>
				</columns>
				<items></items>
			</Table>
			<f:SimpleForm id="EducationRecordForm" editable="true" layout="ResponsiveGridLayout" visible="false" labelSpanL="3" labelSpanM="3"
				emptySpanL="4" emptySpanM="4" columnsL="1" columnsM="1">
				<f:content>
					<VBox>
						<layoutData><l:GridData span="L4 M6 S12"/></layoutData>
						<Label text="Institution Name"></Label>
						<Input id="idInstuteName" width="300px"></Input>
					</VBox>
					<VBox>
						<layoutData><l:GridData span="L4 M6 S12"/></layoutData>
						<Label text="Language of Study"></Label>
						<Input id="idLang" width="300px"></Input>
					</VBox>
					<VBox>
						<layoutData><l:GridData span="L4 M6 S12"/></layoutData>
						<Label text="Commencement of Study"></Label>
						<DatePicker enabled="true" id="idStudyDate" valueFormat="dd/MM/YYYY" displayFormat="dd-MM-YYYY" width="300px"/>
					</VBox>
					<VBox>
						<layoutData><l:GridData span="L4 M6 S12"/></layoutData>
						<Label text="Graduation Date" id="idGraddate"></Label>
						<DatePicker enabled="true" id="idGardDate" valueFormat="dd/MM/YYYY" displayFormat="dd-MM-YYYY" width="300px"/>
					</VBox>
					<VBox>
						<layoutData><l:GridData span="L4 M6 S12"/></layoutData>
						<Label text="Degree Type"></Label>
						<Input id="idDegreeType" width="300px"></Input>
					</VBox>
					<VBox>
						<layoutData><l:GridData span="L4 M6 S12"/></layoutData>
						<Label text="Degree Name"></Label>
						<Input id="idDegreeName" width="300px"></Input>
					</VBox>
					<VBox>
						<layoutData><l:GridData span="L4 M6 S12"/></layoutData>
						<Label text="Study Mode"></Label>
						<Select width="300px" id="idStudyMode">
							<core:Item text="Full time" key="full"/>
							<core:Item text="Part time" key="part"/>
						</Select>
					</VBox>
					<VBox>
						<layoutData><l:GridData span="L4 M6 S12"/></layoutData>
						<Label text="Status"></Label>
						<Select width="300px" id="idStatus">
							<core:Item text="completed"/>
							<core:Item text="on-going"/>
						</Select>
					</VBox>
					<VBox>
						<layoutData><l:GridData span="L4 M6 S12"/></layoutData>
						<Label text="Country of Study"></Label>
						<Select width="300px"
							items="{path: 'NorthwindData>/Territories', sorter: { path: 'NorthwindData>TerritoryDescription', descending: false }}">
							<core:Item text="{NorthwindData>TerritoryDescription}"/>
						</Select>
					</VBox>
					<Toolbar>
						<ToolbarSpacer></ToolbarSpacer>
						<Button id="idEduEditBtn" text="Update" press="onUpdateEdu" type="Emphasized" visible="false"/>
						<Button id="idEduSaveBtn" text="Save" press="onSaveEdu" type="Emphasized"/>
						<Button text="Cancel" press="onCancelEdu" type="Emphasized"/>
					</Toolbar>
				</f:content>
			</f:SimpleForm>
		</l:content>
	</l:Grid>
</core:FragmentDefinition>