<core:FragmentDefinition xmlns:l="sap.ui.layout" xmlns:core="sap.ui.core" xmlns:mvc="sap.ui.core.mvc" xmlns:f="sap.ui.layout.form"
	xmlns="sap.m">
	<l:Grid defaultSpan="L12 M12 S12" width="auto">
		<l:content>
			<Table id="idEmpRecordTable" inset="false" mode="MultiSelect">
				<headerToolbar>
					<Toolbar>
						<content>
							<ToolbarSpacer/>
							<core:Icon id="idEditIcon_Emp" src="sap-icon://edit" useIconTooltip="true" tooltip="Edit Record" visible="false" press="onEditEmpRecord"/>
							<core:Icon id="idCancelIcon_Emp" src="sap-icon://sys-cancel" useIconTooltip="true" tooltip="Delete Record" visible="false" press="onDelEdu"/>
							<core:Icon id="idAddIcon_Emp" src="sap-icon://add" press="onAddEmpRecord" useIconTooltip="true" tooltip="Add new record"/>
						</content>
					</Toolbar>
				</headerToolbar>
				<columns>
					<Column demandPopin="true" hAlign="Center">
						<Text text="Organization Name"/>
					</Column>
					<Column demandPopin="true">
						<Text text="Occupation Level"/>
					</Column>
					<Column demandPopin="true">
						<Text text="Designation"/>
					</Column>
					<Column demandPopin="true">
						<Text text="Country"/>
					</Column>
				</columns>
				<items></items>
			</Table>
			<f:SimpleForm id="idEmpRecordForm" editable="true" layout="ResponsiveGridLayout" visible="false" labelSpanL="3" labelSpanM="3"
				emptySpanL="4" emptySpanM="4" columnsL="1" columnsM="1">
				<f:content>
					<VBox>
						<layoutData><l:GridData span="L4 M6 S12"/></layoutData>
						<Label text="Organization Name"></Label>
						<Input id="idOrgName" width="300px"></Input>
					</VBox>
					<VBox>
						<layoutData><l:GridData span="L4 M6 S12"/></layoutData>
						<Label text="Occupation Level"></Label>
						<Input id="idOccupation" width="300px"></Input>
					</VBox>
					<VBox>
						<layoutData><l:GridData span="L4 M6 S12"/></layoutData>
						<Label text="designation"></Label>
						<Input id="idDesg" width="300px"></Input>
					</VBox>
					<VBox>
						<layoutData><l:GridData span="L4 M6 S12"/></layoutData>
						<Label text="Country"></Label>
						<Select width="300px" id="idEmpCountry" selectedKey="1"
							items="{path: 'NorthwindData>/Territories', sorter: { path: 'NorthwindData>TerritoryDescription', descending: false }}">
							<core:Item text="{NorthwindData>TerritoryDescription}"/>
						</Select>
					</VBox>
					<VBox>
						<layoutData><l:GridData span="L4 M6 S12"/></layoutData>
						<Label text="Start Date"></Label>
						<DatePicker enabled="true" id="isEmpStartDate" valueFormat="MM/YYYY" displayFormat="MM-YYYY" width="300px"/>
					</VBox>
					<VBox>
						<layoutData><l:GridData span="L4 M6 S12"/></layoutData>
						<Label text="End Date"></Label>
						<DatePicker enabled="true" id="isEmpEndtDate" valueFormat="MM/YYYY" displayFormat="MM-YYYY" width="300px"/>
					</VBox>
					<Toolbar>
						<ToolbarSpacer></ToolbarSpacer>
						<Button text="Save" press="onSaveEmpRecord" type="Emphasized"/>
						<Button text="Cancel" press="onCancelEmpRecord" type="Emphasized"/>
					</Toolbar>
				</f:content>
			</f:SimpleForm>
		</l:content>
	</l:Grid>
</core:FragmentDefinition>